sales_month,product_category_name,total_revenue,monthly_rank
2016-09,beleza_saude,134.97,1
2016-10,moveis_decoracao,5690.52,1
2016-10,perfumaria,4829.1,2
2016-10,brinquedos,4106.5,3
2016-10,consoles_games,3619.36,4
2016-10,beleza_saude,3439.25,5
2016-10,relogios_presentes,2711.07,6
2016-10,esporte_lazer,2012.15,7
2016-10,bebes,1371.17,8
2016-10,ferramentas_jardim,1359.88,9
2016-10,climatizacao,1349.29,10
2016-10,moveis_escritorio,1300.88,11
2016-10,utilidades_domesticas,1287.07,12
2016-10,automotivo,1128.26,13
2016-10,cool_stuff,1046.1,14
2016-10,market_place,915.29,15
2016-10,telefonia_fixa,704.88,16
2016-10,pet_shop,689.68,17
2016-10,informatica_acessorios,669.02,18
2016-10,cama_mesa_banho,478.99,19
2016-10,fashion_bolsas_e_acessorios,373.3,20
2016-10,industria_comercio_e_negocios,359.6,21
2016-10,telefonia,228.29,22
2016-10,audio,156.99,23
2016-10,fraldas_higiene,134.9,24
2016-10,eletronicos,107.99,25
2016-10,alimentos,79.9,26
2016-10,,65.89,27
2016-10,fashion_roupa_feminina,54.9,28
2016-10,fashion_calcados,29.99,29
2016-10,fashion_roupa_masculina,24.9,30
2016-12,fashion_bolsas_e_acessorios,10.9,1
2017-01,moveis_decoracao,13036.63,1
2017-01,beleza_saude,12366.44,2
2017-01,esporte_lazer,9212.14,3
2017-01,relogios_presentes,8086.52,4
2017-01,ferramentas_jardim,7466.95,5
2017-01,cool_stuff,6856.87,6
2017-01,bebes,6217.88,7
2017-01,perfumaria,5112.6,8
2017-01,automotivo,4820.03,9
2017-01,brinquedos,4568.19,10
2017-01,consoles_games,4514.44,11
2017-01,informatica_acessorios,3924.14,12
2017-01,cama_mesa_banho,3804.36,13
2017-01,utilidades_domesticas,2827.58,14
2017-01,pcs,2199.99,15
2017-01,eletrodomesticos_2,1916.78,16
2017-01,fashion_bolsas_e_acessorios,1671.97,17
2017-01,eletroportateis,1660.79,18
2017-01,,1603.64,19
2017-01,papelaria,1561.99,20
2017-01,moveis_sala,1241.9,21
2017-01,moveis_escritorio,1158.35,22
2017-01,pet_shop,799.12,23
2017-01,telefonia,755.94,24
2017-01,telefonia_fixa,677.12,25
2017-01,climatizacao,663.7,26
2017-01,eletronicos,617.0,27
2017-01,malas_acessorios,492.5,28
2017-01,market_place,414.14,29
2017-01,instrumentos_musicais,339.74,30
2017-01,livros_interesse_geral,234.89,31
2017-01,seguros_e_servicos,183.29,32
2017-01,fashion_underwear_e_moda_praia,137.25,33
2017-01,fashion_roupa_masculina,126.9,34
2017-01,moveis_cozinha_area_de_servico_jantar_e_jardim,110.0,35
2017-01,fashion_roupa_feminina,77.3,36
2017-01,moveis_quarto,73.2,37
2017-01,casa_conforto_2,72.8,38
2017-01,agro_industria_e_comercio,65.97,39
2017-01,alimentos,42.82,40
2017-01,fashion_calcados,34.9,41
2017-01,dvds_blu_ray,29.8,42
2017-01,musica,19.8,43
2017-02,beleza_saude,22059.92,1
2017-02,moveis_decoracao,19926.41,2
2017-02,esporte_lazer,15629.98,3
2017-02,cama_mesa_banho,15572.13,4
2017-02,cool_stuff,12454.6,5
2017-02,automotivo,12358.78,6
2017-02,ferramentas_jardim,11734.62,7
2017-02,informatica_acessorios,11319.09,8
2017-02,utilidades_domesticas,11295.34,9
2017-02,relogios_presentes,10992.39,10
2017-02,moveis_escritorio,10845.98,11
2017-02,brinquedos,9353.44,12
2017-02,,8521.11,13
2017-02,perfumaria,8040.38,14
2017-02,eletroportateis,7251.58,15
2017-02,telefonia,6693.34,16
2017-02,consoles_games,4294.77,17
2017-02,pet_shop,3584.87,18
2017-02,pcs,3549.0,19
2017-02,moveis_sala,3409.64,20
2017-02,bebes,2837.58,21
2017-02,climatizacao,2405.3,22
2017-02,papelaria,2341.4,23
2017-02,instrumentos_musicais,2221.28,24
2017-02,fashion_bolsas_e_acessorios,2170.31,25
2017-02,malas_acessorios,1659.19,26
2017-02,market_place,1574.22,27
2017-02,eletronicos,1218.85,28
2017-02,tablets_impressao_imagem,792.0,29
2017-02,livros_interesse_geral,772.71,30
2017-02,telefonia_fixa,759.23,31
2017-02,eletrodomesticos,740.9,32
2017-02,casa_construcao,695.6,33
2017-02,alimentos,676.73,34
2017-02,construcao_ferramentas_jardim,579.98,35
2017-02,fashion_roupa_masculina,545.95,36
2017-02,moveis_quarto,450.0,37
2017-02,casa_conforto,414.66,38
2017-02,fashion_underwear_e_moda_praia,396.97,39
2017-02,construcao_ferramentas_seguranca,379.0,40
2017-02,fashion_roupa_feminina,363.9,41
2017-02,construcao_ferramentas_construcao,336.79,42
2017-02,agro_industria_e_comercio,224.84,43
2017-02,audio,163.8,44
2017-02,livros_tecnicos,159.0,45
2017-02,moveis_cozinha_area_de_servico_jantar_e_jardim,139.9,46
2017-02,industria_comercio_e_negocios,119.0,47
2017-02,fashion_calcados,107.05,48
2017-02,cine_foto,59.0,49
2017-02,eletrodomesticos_2,15.99,50
2017-02,dvds_blu_ray,14.9,51
2017-03,informatica_acessorios,28078.8,1
2017-03,beleza_saude,25652.45,2
2017-03,esporte_lazer,25472.89,3
2017-03,cama_mesa_banho,25120.02,4
2017-03,relogios_presentes,24892.38,5
2017-03,ferramentas_jardim,23508.76,6
2017-03,moveis_decoracao,22133.47,7
2017-03,cool_stuff,20583.33,8
2017-03,perfumaria,19608.14,9
2017-03,automotivo,13272.93,10
2017-03,utilidades_domesticas,12906.96,11
2017-03,brinquedos,12339.57,12
2017-03,eletroportateis,11171.06,13
2017-03,moveis_escritorio,10793.85,14
2017-03,consoles_games,9834.04,15
2017-03,pet_shop,8240.06,16
2017-03,telefonia,7877.12,17
2017-03,,6457.17,18
2017-03,malas_acessorios,5924.01,19
2017-03,papelaria,5902.62,20
2017-03,fashion_bolsas_e_acessorios,4786.36,21
2017-03,climatizacao,4103.81,22
2017-03,eletronicos,3986.0,23
2017-03,bebes,3592.28,24
2017-03,moveis_sala,3324.0,25
2017-03,livros_interesse_geral,2533.96,26
2017-03,alimentos,2412.66,27
2017-03,casa_conforto,2123.4,28
2017-03,market_place,1808.59,29
2017-03,instrumentos_musicais,1667.33,30
2017-03,fashion_calcados,1515.0,31
2017-03,telefonia_fixa,1333.45,32
2017-03,audio,1134.77,33
2017-03,casa_construcao,591.96,34
2017-03,fashion_roupa_masculina,580.8,35
2017-03,eletrodomesticos_2,500.9,36
2017-03,tablets_impressao_imagem,495.0,37
2017-03,bebidas,463.87,38
2017-03,dvds_blu_ray,453.7,39
2017-03,fashion_underwear_e_moda_praia,394.14,40
2017-03,casa_conforto_2,342.88,41
2017-03,eletrodomesticos,313.3,42
2017-03,industria_comercio_e_negocios,238.0,43
2017-03,artes,174.6,44
2017-03,moveis_cozinha_area_de_servico_jantar_e_jardim,113.98,45
2017-03,alimentos_bebidas,85.8,46
2017-03,agro_industria_e_comercio,81.99,47
2017-03,livros_tecnicos,75.0,48
2017-03,sinalizacao_e_seguranca,75.0,48
2017-03,fashion_esporte,39.9,49
2017-03,construcao_ferramentas_construcao,38.9,50
2017-03,musica,27.99,51
2017-03,fashion_roupa_feminina,19.9,52
2017-04,cama_mesa_banho,24092.89,1
2017-04,relogios_presentes,23336.09,2
2017-04,eletroportateis,23114.98,3
2017-04,esporte_lazer,22997.06,4
2017-04,beleza_saude,22156.34,5
2017-04,cool_stuff,20902.39,6
2017-04,perfumaria,19436.51,7
2017-04,moveis_decoracao,19211.23,8
2017-04,informatica_acessorios,18353.46,9
2017-04,ferramentas_jardim,17648.93,10
2017-04,automotivo,15149.32,11
2017-04,brinquedos,13039.43,12
2017-04,utilidades_domesticas,12472.18,13
2017-04,moveis_escritorio,9411.3,14
2017-04,,8448.19,15
2017-04,telefonia,7133.94,16
2017-04,malas_acessorios,7090.3,17
2017-04,pet_shop,6182.89,18
2017-04,eletronicos,4822.24,19
2017-04,papelaria,4551.44,20
2017-04,market_place,4045.28,21
2017-04,bebes,3930.55,22
2017-04,instrumentos_musicais,3818.43,23
2017-04,consoles_games,3772.88,24
2017-04,fashion_bolsas_e_acessorios,3095.9,25
2017-04,climatizacao,2492.23,26
2017-04,casa_conforto,2411.1,27
2017-04,moveis_sala,2073.34,28
2017-04,casa_construcao,1602.69,29
2017-04,fashion_calcados,1526.5,30
2017-04,construcao_ferramentas_jardim,1490.21,31
2017-04,dvds_blu_ray,1434.9,32
2017-04,tablets_impressao_imagem,1112.88,33
2017-04,moveis_cozinha_area_de_servico_jantar_e_jardim,1033.4,34
2017-04,audio,942.2,35
2017-04,livros_interesse_geral,923.38,36
2017-04,eletrodomesticos_2,799.8,37
2017-04,construcao_ferramentas_ferramentas,729.0,38
2017-04,moveis_quarto,628.98,39
2017-04,telefonia_fixa,505.83,40
2017-04,eletrodomesticos,499.4,41
2017-04,alimentos,491.3,42
2017-04,fashion_roupa_masculina,366.89,43
2017-04,pc_gamer,259.98,44
2017-04,fashion_esporte,189.78,45
2017-04,sinalizacao_e_seguranca,128.06,46
2017-04,artes,119.9,47
2017-04,cine_foto,118.0,48
2017-04,moveis_colchao_e_estofado,109.4,49
2017-04,fashion_underwear_e_moda_praia,92.89,50
2017-04,livros_tecnicos,75.0,51
2017-04,artigos_de_natal,69.0,52
2017-04,fashion_roupa_feminina,64.9,53
2017-04,musica,59.8,54
2017-04,alimentos_bebidas,47.9,55
2017-04,la_cuisine,24.0,56
2017-04,livros_importados,19.99,57
2017-04,casa_conforto_2,12.9,58
2017-05,beleza_saude,46340.06,1
2017-05,informatica_acessorios,44759.39,2
2017-05,relogios_presentes,36619.48,3
2017-05,esporte_lazer,34101.73,4
2017-05,cama_mesa_banho,32684.6,5
2017-05,cool_stuff,32481.6,6
2017-05,moveis_decoracao,22312.54,7
2017-05,brinquedos,22179.25,8
2017-05,utilidades_domesticas,21374.9,9
2017-05,ferramentas_jardim,20372.57,10
2017-05,perfumaria,19982.06,11
2017-05,automotivo,17501.25,12
2017-05,malas_acessorios,12539.62,13
2017-05,,10818.34,14
2017-05,instrumentos_musicais,9639.44,15
2017-05,bebes,8933.72,16
2017-05,telefonia,8844.39,17
2017-05,moveis_escritorio,8403.43,18
2017-05,pet_shop,8151.02,19
2017-05,fashion_bolsas_e_acessorios,7192.0,20
2017-05,artes,6927.25,21
2017-05,eletronicos,6149.11,22
2017-05,papelaria,5600.18,23
2017-05,eletroportateis,5241.44,24
2017-05,casa_conforto,5114.07,25
2017-05,moveis_sala,4479.45,26
2017-05,consoles_games,2507.2,27
2017-05,market_place,2476.98,28
2017-05,moveis_quarto,2369.97,29
2017-05,audio,2081.18,30
2017-05,eletrodomesticos,1912.79,31
2017-05,livros_interesse_geral,1841.57,32
2017-05,fashion_calcados,1669.54,33
2017-05,casa_construcao,1620.5,34
2017-05,agro_industria_e_comercio,1579.94,35
2017-05,tablets_impressao_imagem,1514.98,36
2017-05,construcao_ferramentas_jardim,1447.34,37
2017-05,eletrodomesticos_2,1306.05,38
2017-05,moveis_cozinha_area_de_servico_jantar_e_jardim,1304.48,39
2017-05,climatizacao,914.87,40
2017-05,construcao_ferramentas_ferramentas,803.9,41
2017-05,fashion_roupa_masculina,608.9,42
2017-05,moveis_colchao_e_estofado,595.89,43
2017-05,industria_comercio_e_negocios,519.8,44
2017-05,sinalizacao_e_seguranca,508.85,45
2017-05,telefonia_fixa,445.83,46
2017-05,alimentos,387.9,47
2017-05,fashion_roupa_feminina,367.5,48
2017-05,alimentos_bebidas,345.49,49
2017-05,fashion_underwear_e_moda_praia,283.5,50
2017-05,livros_tecnicos,262.0,51
2017-05,la_cuisine,193.0,52
2017-05,pc_gamer,129.99,53
2017-05,fashion_esporte,124.84,54
2017-05,fashion_roupa_infanto_juvenil,110.0,55
2017-05,construcao_ferramentas_construcao,99.99,56
2017-05,bebidas,90.0,57
2017-05,dvds_blu_ray,89.6,58
2017-05,cine_foto,59.0,59
2017-05,artes_e_artesanato,21.99,60
2017-06,cool_stuff,38109.61,1
2017-06,informatica_acessorios,36193.7,2
2017-06,cama_mesa_banho,33803.23,3
2017-06,esporte_lazer,32066.93,4
2017-06,beleza_saude,31676.81,5
2017-06,automotivo,29335.71,6
2017-06,relogios_presentes,27337.63,7
2017-06,perfumaria,23954.32,8
2017-06,utilidades_domesticas,22978.21,9
2017-06,moveis_decoracao,16614.29,10
2017-06,ferramentas_jardim,15447.09,11
2017-06,brinquedos,15337.55,12
2017-06,eletroportateis,9698.81,13
2017-06,malas_acessorios,8142.19,14
2017-06,bebes,7864.74,15
2017-06,moveis_escritorio,7279.13,16
2017-06,fashion_bolsas_e_acessorios,6722.13,17
2017-06,telefonia,6561.73,18
2017-06,consoles_games,5309.03,19
2017-06,pet_shop,5123.57,20
2017-06,instrumentos_musicais,4993.05,21
2017-06,,4902.4,22
2017-06,papelaria,3493.57,23
2017-06,casa_conforto,2818.2,24
2017-06,eletrodomesticos,2507.19,25
2017-06,climatizacao,2084.48,26
2017-06,eletronicos,2060.04,27
2017-06,casa_construcao,1992.3,28
2017-06,livros_interesse_geral,1922.18,29
2017-06,moveis_sala,1713.3,30
2017-06,audio,1671.0,31
2017-06,agro_industria_e_comercio,1390.0,32
2017-06,fashion_calcados,1279.38,33
2017-06,market_place,1258.95,34
2017-06,eletrodomesticos_2,1213.87,35
2017-06,musica,1066.9,36
2017-06,telefonia_fixa,933.67,37
2017-06,tablets_impressao_imagem,594.0,38
2017-06,fashion_roupa_masculina,519.79,39
2017-06,fashion_esporte,470.5,40
2017-06,construcao_ferramentas_jardim,434.69,41
2017-06,construcao_ferramentas_construcao,376.37,42
2017-06,moveis_cozinha_area_de_servico_jantar_e_jardim,374.8,43
2017-06,moveis_quarto,308.99,44
2017-06,industria_comercio_e_negocios,276.97,45
2017-06,artes,200.3,46
2017-06,artigos_de_natal,184.7,47
2017-06,fashion_roupa_feminina,154.8,48
2017-06,alimentos,149.9,49
2017-06,livros_tecnicos,145.9,50
2017-06,sinalizacao_e_seguranca,134.0,51
2017-06,pc_gamer,129.99,52
2017-06,dvds_blu_ray,126.69,53
2017-06,fashion_roupa_infanto_juvenil,110.0,54
2017-06,livros_importados,99.0,55
2017-06,cine_foto,79.0,56
2017-06,portateis_casa_forno_e_cafe,71.9,57
2017-06,alimentos_bebidas,57.4,58
2017-06,bebidas,49.99,59
2017-06,casa_conforto_2,12.9,60
2017-06,fashion_underwear_e_moda_praia,3.9,61
2017-07,cama_mesa_banho,62786.96,1
2017-07,informatica_acessorios,38176.22,2
2017-07,cool_stuff,36653.46,3
2017-07,esporte_lazer,36618.83,4
2017-07,beleza_saude,34239.45,5
2017-07,relogios_presentes,33702.42,6
2017-07,moveis_decoracao,24028.12,7
2017-07,brinquedos,23956.84,8
2017-07,utilidades_domesticas,20251.53,9
2017-07,ferramentas_jardim,18951.3,10
2017-07,moveis_escritorio,16892.61,11
2017-07,bebes,15461.41,12
2017-07,automotivo,13886.85,13
2017-07,perfumaria,12734.25,14
2017-07,telefonia,9052.87,15
2017-07,malas_acessorios,8311.71,16
2017-07,instrumentos_musicais,7282.59,17
2017-07,eletronicos,7266.04,18
2017-07,papelaria,6906.85,19
2017-07,pet_shop,6575.97,20
2017-07,consoles_games,5411.24,21
2017-07,fashion_bolsas_e_acessorios,5063.21,22
2017-07,casa_conforto,4563.85,23
2017-07,moveis_sala,3826.12,24
2017-07,eletrodomesticos,3671.99,25
2017-07,eletroportateis,3587.23,26
2017-07,,2967.86,27
2017-07,market_place,1573.38,28
2017-07,climatizacao,1396.1,29
2017-07,moveis_cozinha_area_de_servico_jantar_e_jardim,1316.5,30
2017-07,livros_interesse_geral,1292.4,31
2017-07,fashion_calcados,1283.02,32
2017-07,agro_industria_e_comercio,1180.0,33
2017-07,moveis_quarto,1077.99,34
2017-07,eletrodomesticos_2,1033.99,35
2017-07,dvds_blu_ray,732.8,36
2017-07,fashion_roupa_masculina,719.99,37
2017-07,audio,673.69,38
2017-07,alimentos,584.16,39
2017-07,construcao_ferramentas_construcao,549.44,40
2017-07,livros_tecnicos,528.0,41
2017-07,sinalizacao_e_seguranca,475.91,42
2017-07,la_cuisine,469.99,43
2017-07,artes,386.75,44
2017-07,construcao_ferramentas_iluminacao,360.0,45
2017-07,construcao_ferramentas_jardim,347.58,46
2017-07,musica,329.0,47
2017-07,fashion_roupa_feminina,310.7,48
2017-07,fashion_underwear_e_moda_praia,274.8,49
2017-07,bebidas,273.97,50
2017-07,industria_comercio_e_negocios,245.96,51
2017-07,cds_dvds_musicais,225.0,52
2017-07,telefonia_fixa,218.73,53
2017-07,tablets_impressao_imagem,198.0,54
2017-07,alimentos_bebidas,168.2,55
2017-07,artes_e_artesanato,129.9,56
2017-07,moveis_colchao_e_estofado,109.4,57
2017-07,casa_construcao,93.6,58
2017-07,artigos_de_festas,69.9,59
2017-07,fashion_esporte,69.9,59
2017-07,artigos_de_natal,65.09,60
2017-07,casa_conforto_2,12.9,61
2017-08,cama_mesa_banho,56580.63,1
2017-08,beleza_saude,49030.23,2
2017-08,esporte_lazer,40624.77,3
2017-08,cool_stuff,38264.51,4
2017-08,relogios_presentes,36170.95,5
2017-08,informatica_acessorios,33826.47,6
2017-08,moveis_decoracao,33595.89,7
2017-08,pcs,32400.0,8
2017-08,utilidades_domesticas,23427.84,9
2017-08,ferramentas_jardim,22920.93,10
2017-08,bebes,19160.1,11
2017-08,automotivo,18922.61,12
2017-08,brinquedos,17675.37,13
2017-08,perfumaria,13085.1,14
2017-08,telefonia,10553.31,15
2017-08,pet_shop,10425.79,16
2017-08,moveis_escritorio,9877.36,17
2017-08,consoles_games,8054.75,18
2017-08,instrumentos_musicais,7089.55,19
2017-08,malas_acessorios,6533.1,20
2017-08,fashion_bolsas_e_acessorios,6438.89,21
2017-08,papelaria,6366.91,22
2017-08,,4968.45,23
2017-08,eletroportateis,4297.01,24
2017-08,climatizacao,4271.73,25
2017-08,casa_conforto,4000.19,26
2017-08,eletrodomesticos,3921.35,27
2017-08,eletrodomesticos_2,3686.55,28
2017-08,telefonia_fixa,3343.54,29
2017-08,eletronicos,2854.15,30
2017-08,moveis_sala,2478.07,31
2017-08,livros_interesse_geral,2275.0,32
2017-08,market_place,1937.39,33
2017-08,fashion_calcados,1491.69,34
2017-08,construcao_ferramentas_jardim,1286.19,35
2017-08,livros_tecnicos,1196.38,36
2017-08,construcao_ferramentas_construcao,1180.0,37
2017-08,fashion_roupa_masculina,1175.06,38
2017-08,fashion_underwear_e_moda_praia,1111.0,39
2017-08,audio,1050.7,40
2017-08,moveis_cozinha_area_de_servico_jantar_e_jardim,1006.2,41
2017-08,industria_comercio_e_negocios,956.9,42
2017-08,moveis_quarto,618.0,43
2017-08,construcao_ferramentas_iluminacao,589.0,44
2017-08,moveis_colchao_e_estofado,509.39,45
2017-08,alimentos_bebidas,494.81,46
2017-08,tablets_impressao_imagem,450.89,47
2017-08,sinalizacao_e_seguranca,377.8,48
2017-08,alimentos,364.5,49
2017-08,la_cuisine,313.0,50
2017-08,fashion_esporte,265.8,51
2017-08,artes,244.7,52
2017-08,fashion_roupa_feminina,188.7,53
2017-08,cds_dvds_musicais,135.0,54
2017-08,casa_construcao,124.8,55
2017-08,bebidas,119.9,56
2017-08,dvds_blu_ray,113.4,57
2017-08,agro_industria_e_comercio,88.0,58
2017-08,livros_importados,61.0,59
2017-08,artigos_de_natal,58.9,60
2017-08,casa_conforto_2,38.7,61
2017-08,portateis_casa_forno_e_cafe,21.9,62
2017-08,construcao_ferramentas_seguranca,8.9,63
2017-09,cama_mesa_banho,52105.61,1
2017-09,pcs,51228.89,2
2017-09,beleza_saude,50649.16,3
2017-09,esporte_lazer,48972.11,4
2017-09,relogios_presentes,44748.96,5
2017-09,cool_stuff,37547.47,6
2017-09,moveis_decoracao,30554.92,7
2017-09,brinquedos,29606.83,8
2017-09,informatica_acessorios,28040.65,9
2017-09,bebes,23232.45,10
2017-09,ferramentas_jardim,22028.43,11
2017-09,utilidades_domesticas,19941.56,12
2017-09,telefonia,18278.37,13
2017-09,automotivo,14126.77,14
2017-09,perfumaria,14051.3,15
2017-09,telefonia_fixa,13692.91,16
2017-09,fashion_bolsas_e_acessorios,11778.24,17
2017-09,eletroportateis,10030.74,18
2017-09,moveis_escritorio,9118.67,19
2017-09,pet_shop,8534.92,20
2017-09,instrumentos_musicais,8507.4,21
2017-09,consoles_games,8150.57,22
2017-09,papelaria,5851.52,23
2017-09,,5774.15,24
2017-09,casa_conforto,4592.34,25
2017-09,eletronicos,4338.96,26
2017-09,malas_acessorios,3885.38,27
2017-09,agro_industria_e_comercio,1993.99,28
2017-09,eletrodomesticos,1820.19,29
2017-09,climatizacao,1629.15,30
2017-09,eletrodomesticos_2,1627.8,31
2017-09,fashion_underwear_e_moda_praia,1619.9,32
2017-09,casa_construcao,1357.81,33
2017-09,moveis_sala,1275.87,34
2017-09,construcao_ferramentas_construcao,1240.3,35
2017-09,fashion_roupa_masculina,1177.5,36
2017-09,market_place,1147.21,37
2017-09,construcao_ferramentas_seguranca,1124.54,38
2017-09,fashion_calcados,1099.7,39
2017-09,audio,1042.59,40
2017-09,livros_tecnicos,1001.35,41
2017-09,alimentos,992.92,42
2017-09,livros_interesse_geral,932.24,43
2017-09,construcao_ferramentas_ferramentas,916.89,44
2017-09,moveis_quarto,709.6,45
2017-09,portateis_casa_forno_e_cafe,640.99,46
2017-09,sinalizacao_e_seguranca,438.4,47
2017-09,moveis_cozinha_area_de_servico_jantar_e_jardim,409.6,48
2017-09,artes,388.54,49
2017-09,fashion_esporte,384.6,50
2017-09,fashion_roupa_feminina,355.7,51
2017-09,alimentos_bebidas,310.86,52
2017-09,livros_importados,290.0,53
2017-09,artigos_de_festas,269.8,54
2017-09,artigos_de_natal,254.7,55
2017-09,construcao_ferramentas_jardim,251.6,56
2017-09,bebidas,244.98,57
2017-09,tablets_impressao_imagem,233.9,58
2017-09,construcao_ferramentas_iluminacao,229.0,59
2017-09,industria_comercio_e_negocios,219.98,60
2017-09,seguros_e_servicos,100.0,61
2017-09,fashion_roupa_infanto_juvenil,89.99,62
2017-09,moveis_colchao_e_estofado,86.5,63
2017-09,cine_foto,69.0,64
2017-09,dvds_blu_ray,39.8,65
2017-09,casa_conforto_2,12.9,66
2017-10,relogios_presentes,64874.63,1
2017-10,esporte_lazer,48568.98,2
2017-10,cama_mesa_banho,46007.7,3
2017-10,cool_stuff,44348.23,4
2017-10,informatica_acessorios,42009.38,5
2017-10,beleza_saude,40698.99,6
2017-10,pcs,40393.92,7
2017-10,brinquedos,33324.42,8
2017-10,moveis_decoracao,30009.74,9
2017-10,ferramentas_jardim,25798.75,10
2017-10,automotivo,21419.39,11
2017-10,telefonia,20859.18,12
2017-10,moveis_escritorio,17890.83,13
2017-10,perfumaria,16877.82,14
2017-10,bebes,16497.5,15
2017-10,,16321.27,16
2017-10,utilidades_domesticas,15883.68,17
2017-10,consoles_games,10380.72,18
2017-10,pet_shop,8243.58,19
2017-10,papelaria,7697.17,20
2017-10,fashion_bolsas_e_acessorios,7584.66,21
2017-10,eletroportateis,6464.85,22
2017-10,instrumentos_musicais,6329.26,23
2017-10,malas_acessorios,6240.34,24
2017-10,casa_construcao,4201.17,25
2017-10,telefonia_fixa,3751.88,26
2017-10,casa_conforto,3619.8,27
2017-10,moveis_cozinha_area_de_servico_jantar_e_jardim,3428.6,28
2017-10,eletronicos,3376.35,29
2017-10,agro_industria_e_comercio,3350.28,30
2017-10,construcao_ferramentas_construcao,2576.18,31
2017-10,climatizacao,2562.42,32
2017-10,audio,2328.58,33
2017-10,alimentos_bebidas,2297.23,34
2017-10,industria_comercio_e_negocios,2256.69,35
2017-10,eletrodomesticos_2,2104.27,36
2017-10,fashion_calcados,1860.92,37
2017-10,eletrodomesticos,1837.68,38
2017-10,construcao_ferramentas_seguranca,1668.85,39
2017-10,moveis_sala,1532.79,40
2017-10,market_place,1019.54,41
2017-10,construcao_ferramentas_ferramentas,1018.6,42
2017-10,fashion_roupa_masculina,971.9,43
2017-10,moveis_quarto,943.9,44
2017-10,livros_tecnicos,880.0,45
2017-10,alimentos,806.06,46
2017-10,construcao_ferramentas_jardim,746.9,47
2017-10,sinalizacao_e_seguranca,744.0,48
2017-10,livros_interesse_geral,734.5,49
2017-10,bebidas,596.98,50
2017-10,construcao_ferramentas_iluminacao,500.0,51
2017-10,artigos_de_natal,388.05,52
2017-10,artes,349.05,53
2017-10,fashion_underwear_e_moda_praia,187.8,54
2017-10,dvds_blu_ray,174.6,55
2017-10,artigos_de_festas,137.8,56
2017-10,la_cuisine,137.0,57
2017-10,tablets_impressao_imagem,99.0,58
2017-10,cine_foto,69.0,59
2017-10,casa_conforto_2,64.5,60
2017-10,fashion_esporte,59.9,61
2017-10,musica,54.9,62
2017-10,cds_dvds_musicais,45.0,63
2017-10,fashion_roupa_infanto_juvenil,39.99,64
2017-11,relogios_presentes,95292.34,1
2017-11,cama_mesa_banho,87957.63,2
2017-11,beleza_saude,78274.4,3
2017-11,informatica_acessorios,69676.32,4
2017-11,esporte_lazer,62686.24,5
2017-11,brinquedos,62611.26,6
2017-11,moveis_decoracao,62091.27,7
2017-11,cool_stuff,55696.66,8
2017-11,ferramentas_jardim,44275.18,9
2017-11,automotivo,34736.49,10
2017-11,utilidades_domesticas,33872.42,11
2017-11,perfumaria,31612.13,12
2017-11,telefonia,26117.63,13
2017-11,bebes,21048.19,14
2017-11,moveis_escritorio,17919.2,15
2017-11,papelaria,16406.19,16
2017-11,instrumentos_musicais,15776.89,17
2017-11,agro_industria_e_comercio,13932.49,18
2017-11,,13786.55,19
2017-11,fashion_bolsas_e_acessorios,12849.33,20
2017-11,consoles_games,11772.28,21
2017-11,pet_shop,11167.79,22
2017-11,eletronicos,9992.99,23
2017-11,pcs,9768.0,24
2017-11,malas_acessorios,8301.15,25
2017-11,construcao_ferramentas_construcao,6993.56,26
2017-11,eletroportateis,6782.92,27
2017-11,moveis_sala,6212.95,28
2017-11,casa_conforto,5355.39,29
2017-11,moveis_cozinha_area_de_servico_jantar_e_jardim,5007.39,30
2017-11,casa_construcao,4936.72,31
2017-11,eletrodomesticos_2,4854.93,32
2017-11,eletrodomesticos,4515.94,33
2017-11,climatizacao,4076.62,34
2017-11,audio,3677.23,35
2017-11,construcao_ferramentas_seguranca,3280.69,36
2017-11,livros_interesse_geral,2630.97,37
2017-11,alimentos_bebidas,2445.57,38
2017-11,construcao_ferramentas_iluminacao,2199.48,39
2017-11,industria_comercio_e_negocios,1994.87,40
2017-11,fashion_calcados,1707.8,41
2017-11,market_place,1355.98,42
2017-11,artigos_de_natal,1312.6,43
2017-11,fashion_underwear_e_moda_praia,1221.6,44
2017-11,construcao_ferramentas_jardim,1218.5,45
2017-11,telefonia_fixa,943.98,46
2017-11,fashion_roupa_masculina,880.99,47
2017-11,moveis_quarto,873.0,48
2017-11,artigos_de_festas,850.7,49
2017-11,livros_tecnicos,768.9,50
2017-11,bebidas,674.12,51
2017-11,sinalizacao_e_seguranca,596.79,52
2017-11,alimentos,498.09,53
2017-11,tablets_impressao_imagem,350.4,54
2017-11,moveis_colchao_e_estofado,334.0,55
2017-11,construcao_ferramentas_ferramentas,269.5,56
2017-11,livros_importados,247.0,57
2017-11,cine_foto,242.0,58
2017-11,cds_dvds_musicais,195.0,59
2017-11,flores,187.8,60
2017-11,la_cuisine,137.0,61
2017-11,dvds_blu_ray,79.79,62
2017-11,artes,75.0,63
2017-11,fashion_roupa_feminina,59.98,64
2017-11,fashion_esporte,59.9,65
2017-11,casa_conforto_2,38.7,66
2017-12,relogios_presentes,69556.92,1
2017-12,beleza_saude,60688.75,2
2017-12,esporte_lazer,58722.48,3
2017-12,brinquedos,55064.56,4
2017-12,cama_mesa_banho,50081.16,5
2017-12,automotivo,39019.96,6
2017-12,cool_stuff,37515.57,7
2017-12,informatica_acessorios,37428.67,8
2017-12,moveis_decoracao,31073.09,9
2017-12,ferramentas_jardim,26795.69,10
2017-12,perfumaria,26448.94,11
2017-12,utilidades_domesticas,25285.96,12
2017-12,papelaria,24793.1,13
2017-12,bebes,19658.48,14
2017-12,pcs,16741.0,15
2017-12,,15497.67,16
2017-12,telefonia,12780.44,17
2017-12,instrumentos_musicais,10823.5,18
2017-12,fashion_bolsas_e_acessorios,9999.76,19
2017-12,consoles_games,8885.01,20
2017-12,eletronicos,8518.61,21
2017-12,eletroportateis,7539.77,22
2017-12,pet_shop,7126.74,23
2017-12,moveis_escritorio,6684.37,24
2017-12,casa_construcao,6525.3,25
2017-12,malas_acessorios,5969.21,26
2017-12,construcao_ferramentas_construcao,5830.35,27
2017-12,agro_industria_e_comercio,5291.7,28
2017-12,moveis_cozinha_area_de_servico_jantar_e_jardim,4277.3,29
2017-12,audio,2686.93,30
2017-12,livros_interesse_geral,2352.2,31
2017-12,moveis_sala,2316.01,32
2017-12,casa_conforto,2257.8,33
2017-12,bebidas,2132.84,34
2017-12,eletrodomesticos_2,1990.16,35
2017-12,industria_comercio_e_negocios,1828.5,36
2017-12,construcao_ferramentas_seguranca,1384.92,37
2017-12,eletrodomesticos,1331.0,38
2017-12,fashion_underwear_e_moda_praia,1173.1,39
2017-12,fashion_calcados,1099.0,40
2017-12,alimentos_bebidas,1033.68,41
2017-12,telefonia_fixa,998.77,42
2017-12,alimentos,939.34,43
2017-12,construcao_ferramentas_jardim,928.9,44
2017-12,moveis_colchao_e_estofado,803.7,45
2017-12,sinalizacao_e_seguranca,770.0,46
2017-12,market_place,703.25,47
2017-12,livros_tecnicos,670.69,48
2017-12,climatizacao,668.8,49
2017-12,artigos_de_festas,515.2,50
2017-12,artigos_de_natal,493.9,51
2017-12,fashion_roupa_masculina,450.89,52
2017-12,tablets_impressao_imagem,419.4,53
2017-12,construcao_ferramentas_ferramentas,349.4,54
2017-12,livros_importados,231.0,55
2017-12,moveis_quarto,185.0,56
2017-12,construcao_ferramentas_iluminacao,176.0,57
2017-12,dvds_blu_ray,119.9,58
2017-12,artes,115.25,59
2017-12,flores,82.7,60
2017-12,fraldas_higiene,76.0,61
2017-12,cds_dvds_musicais,65.0,62
2017-12,fashion_esporte,59.9,63
2018-01,esporte_lazer,86172.83,1
2018-01,informatica_acessorios,80503.87,2
2018-01,cama_mesa_banho,75408.13,3
2018-01,relogios_presentes,73521.24,4
2018-01,beleza_saude,71405.6,5
2018-01,moveis_decoracao,53798.81,6
2018-01,papelaria,39522.72,7
2018-01,cool_stuff,38942.41,8
2018-01,utilidades_domesticas,37446.74,9
2018-01,automotivo,35855.02,10
2018-01,bebes,29833.88,11
2018-01,ferramentas_jardim,26793.06,12
2018-01,brinquedos,21382.85,13
2018-01,,20993.63,14
2018-01,perfumaria,19555.37,15
2018-01,moveis_escritorio,19485.42,16
2018-01,malas_acessorios,18546.32,17
2018-01,eletronicos,15884.28,18
2018-01,instrumentos_musicais,15178.58,19
2018-01,telefonia,14700.08,20
2018-01,eletroportateis,14261.81,21
2018-01,pet_shop,10796.06,22
2018-01,construcao_ferramentas_construcao,9664.18,23
2018-01,eletrodomesticos_2,8630.1,24
2018-01,fashion_bolsas_e_acessorios,7931.72,25
2018-01,consoles_games,7313.28,26
2018-01,pcs,6851.0,27
2018-01,agro_industria_e_comercio,5853.44,28
2018-01,casa_construcao,5747.78,29
2018-01,moveis_cozinha_area_de_servico_jantar_e_jardim,4838.5,30
2018-01,climatizacao,4674.74,31
2018-01,construcao_ferramentas_jardim,3927.98,32
2018-01,audio,3820.28,33
2018-01,casa_conforto,3020.16,34
2018-01,industria_comercio_e_negocios,2681.1,35
2018-01,artes,2540.77,36
2018-01,telefonia_fixa,2444.1,37
2018-01,construcao_ferramentas_iluminacao,2392.99,38
2018-01,moveis_sala,2308.1,39
2018-01,construcao_ferramentas_seguranca,2228.89,40
2018-01,bebidas,2227.61,41
2018-01,livros_interesse_geral,2160.2,42
2018-01,eletrodomesticos,1725.15,43
2018-01,livros_tecnicos,1176.55,44
2018-01,sinalizacao_e_seguranca,1048.79,45
2018-01,moveis_quarto,914.8,46
2018-01,moveis_colchao_e_estofado,860.5,47
2018-01,artigos_de_natal,851.5,48
2018-01,alimentos,829.56,49
2018-01,market_place,818.72,50
2018-01,fashion_underwear_e_moda_praia,754.5,51
2018-01,fashion_calcados,666.7,52
2018-01,livros_importados,583.0,53
2018-01,fashion_roupa_masculina,550.6,54
2018-01,construcao_ferramentas_ferramentas,532.3,55
2018-01,portateis_casa_forno_e_cafe,369.99,56
2018-01,alimentos_bebidas,341.17,57
2018-01,flores,284.6,58
2018-01,cine_foto,199.98,59
2018-01,tablets_impressao_imagem,161.8,60
2018-01,fashion_roupa_feminina,161.79,61
2018-01,artigos_de_festas,135.8,62
2018-01,fraldas_higiene,125.0,63
2018-01,fashion_esporte,119.8,64
2018-01,la_cuisine,112.0,65
2018-01,dvds_blu_ray,49.8,66
2018-01,musica,24.97,67
2018-02,informatica_acessorios,100131.99,1
2018-02,beleza_saude,84576.55,2
2018-02,esporte_lazer,74540.95,3
2018-02,relogios_presentes,60725.31,4
2018-02,cama_mesa_banho,60366.29,5
2018-02,automotivo,41048.51,6
2018-02,moveis_decoracao,38002.36,7
2018-02,utilidades_domesticas,34877.47,8
2018-02,cool_stuff,29772.25,9
2018-02,ferramentas_jardim,26489.13,10
2018-02,bebes,25857.28,11
2018-02,perfumaria,20372.0,12
2018-02,moveis_escritorio,17287.89,13
2018-02,eletronicos,14764.7,14
2018-02,brinquedos,14203.35,15
2018-02,telefonia,13672.38,16
2018-02,,12691.97,17
2018-02,consoles_games,11763.83,18
2018-02,papelaria,10090.53,19
2018-02,fashion_bolsas_e_acessorios,9786.63,20
2018-02,pet_shop,9218.24,21
2018-02,instrumentos_musicais,9015.73,22
2018-02,eletrodomesticos_2,8998.83,23
2018-02,construcao_ferramentas_construcao,8991.07,24
2018-02,agro_industria_e_comercio,7385.3,25
2018-02,malas_acessorios,6423.55,26
2018-02,construcao_ferramentas_seguranca,5965.75,27
2018-02,eletrodomesticos,5542.45,28
2018-02,eletroportateis,5245.16,29
2018-02,casa_construcao,5225.9,30
2018-02,telefonia_fixa,4738.68,31
2018-02,industria_comercio_e_negocios,4735.59,32
2018-02,moveis_cozinha_area_de_servico_jantar_e_jardim,4621.16,33
2018-02,moveis_sala,4402.78,34
2018-02,portateis_casa_forno_e_cafe,3024.9,35
2018-02,casa_conforto,3012.76,36
2018-02,audio,2828.49,37
2018-02,climatizacao,2626.89,38
2018-02,artigos_de_natal,2059.65,39
2018-02,market_place,1920.92,40
2018-02,bebidas,1919.95,41
2018-02,livros_interesse_geral,1886.65,42
2018-02,alimentos,1783.52,43
2018-02,construcao_ferramentas_iluminacao,1610.8,44
2018-02,construcao_ferramentas_jardim,1538.25,45
2018-02,livros_tecnicos,1411.21,46
2018-02,construcao_ferramentas_ferramentas,1318.2,47
2018-02,artes,1216.71,48
2018-02,fashion_calcados,1033.7,49
2018-02,alimentos_bebidas,1018.3,50
2018-02,moveis_quarto,895.8,51
2018-02,sinalizacao_e_seguranca,715.79,52
2018-02,tablets_impressao_imagem,694.97,53
2018-02,fashion_underwear_e_moda_praia,399.3,54
2018-02,fashion_roupa_masculina,388.09,55
2018-02,moveis_colchao_e_estofado,344.7,56
2018-02,livros_importados,325.0,57
2018-02,musica,244.97,58
2018-02,cine_foto,227.99,59
2018-02,flores,134.48,60
2018-02,pc_gamer,129.99,61
2018-02,fraldas_higiene,100.0,62
2018-02,casa_conforto_2,38.7,63
2018-02,fashion_roupa_feminina,29.99,64
2018-02,dvds_blu_ray,24.9,65
2018-03,relogios_presentes,95661.18,1
2018-03,informatica_acessorios,84708.39,2
2018-03,beleza_saude,84488.57,3
2018-03,esporte_lazer,81656.96,4
2018-03,cama_mesa_banho,67786.35,5
2018-03,moveis_decoracao,51319.97,6
2018-03,automotivo,44081.96,7
2018-03,bebes,40818.75,8
2018-03,cool_stuff,37791.24,9
2018-03,utilidades_domesticas,35052.12,10
2018-03,moveis_escritorio,30861.64,11
2018-03,ferramentas_jardim,26773.88,12
2018-03,telefonia,24759.43,13
2018-03,brinquedos,22817.55,14
2018-03,perfumaria,20081.88,15
2018-03,,16625.22,16
2018-03,eletroportateis,13952.18,17
2018-03,pet_shop,13400.21,18
2018-03,papelaria,12993.74,19
2018-03,eletronicos,12394.51,20
2018-03,consoles_games,11826.22,21
2018-03,audio,10606.69,22
2018-03,fashion_bolsas_e_acessorios,10096.51,23
2018-03,eletrodomesticos,9876.59,24
2018-03,construcao_ferramentas_construcao,9446.58,25
2018-03,instrumentos_musicais,8931.4,26
2018-03,portateis_casa_forno_e_cafe,7890.9,27
2018-03,malas_acessorios,5851.77,28
2018-03,eletrodomesticos_2,5648.2,29
2018-03,construcao_ferramentas_seguranca,5374.87,30
2018-03,casa_construcao,5250.51,31
2018-03,agro_industria_e_comercio,5161.0,32
2018-03,moveis_sala,3521.87,33
2018-03,industria_comercio_e_negocios,2922.45,34
2018-03,moveis_cozinha_area_de_servico_jantar_e_jardim,2842.66,35
2018-03,construcao_ferramentas_iluminacao,2536.7,36
2018-03,casa_conforto,2522.38,37
2018-03,climatizacao,2507.68,38
2018-03,alimentos_bebidas,2350.77,39
2018-03,construcao_ferramentas_jardim,2087.23,40
2018-03,telefonia_fixa,1930.59,41
2018-03,livros_interesse_geral,1691.94,42
2018-03,alimentos,1559.9,43
2018-03,market_place,1548.74,44
2018-03,moveis_quarto,1071.8,45
2018-03,fashion_calcados,1053.1,46
2018-03,bebidas,962.7,47
2018-03,construcao_ferramentas_ferramentas,931.3,48
2018-03,sinalizacao_e_seguranca,921.9,49
2018-03,artigos_de_festas,913.9,50
2018-03,livros_tecnicos,913.47,51
2018-03,artigos_de_natal,854.95,52
2018-03,cine_foto,711.79,53
2018-03,artes,461.5,54
2018-03,moveis_colchao_e_estofado,440.0,55
2018-03,la_cuisine,389.0,56
2018-03,musica,323.97,57
2018-03,fashion_underwear_e_moda_praia,289.4,58
2018-03,tablets_impressao_imagem,259.29,59
2018-03,livros_importados,259.0,60
2018-03,fraldas_higiene,125.0,61
2018-03,fashion_roupa_feminina,119.96,62
2018-03,fashion_esporte,89.9,63
2018-03,flores,89.67,64
2018-03,fashion_roupa_infanto_juvenil,79.98,65
2018-03,dvds_blu_ray,49.8,66
2018-03,casa_conforto_2,34.99,67
2018-04,beleza_saude,91058.45,1
2018-04,relogios_presentes,88623.07,2
2018-04,cama_mesa_banho,71379.61,3
2018-04,esporte_lazer,65793.52,4
2018-04,informatica_acessorios,57370.9,5
2018-04,moveis_decoracao,56217.62,6
2018-04,automotivo,47989.41,7
2018-04,bebes,47201.22,8
2018-04,utilidades_domesticas,44363.29,9
2018-04,cool_stuff,35025.41,10
2018-04,ferramentas_jardim,34526.04,11
2018-04,brinquedos,23140.41,12
2018-04,eletrodomesticos_2,20741.69,13
2018-04,moveis_escritorio,19997.8,14
2018-04,instrumentos_musicais,19375.31,15
2018-04,pet_shop,18282.97,16
2018-04,perfumaria,17430.41,17
2018-04,telefonia,16312.06,18
2018-04,eletrodomesticos,15019.63,19
2018-04,pcs,13774.92,20
2018-04,portateis_casa_forno_e_cafe,13211.99,21
2018-04,construcao_ferramentas_construcao,12933.83,22
2018-04,eletroportateis,12071.76,23
2018-04,papelaria,11263.45,24
2018-04,eletronicos,10840.23,25
2018-04,casa_construcao,9204.65,26
2018-04,malas_acessorios,8680.48,27
2018-04,fashion_bolsas_e_acessorios,8218.85,28
2018-04,,7987.9,29
2018-04,audio,7045.07,30
2018-04,livros_interesse_geral,6274.51,31
2018-04,industria_comercio_e_negocios,5690.61,32
2018-04,consoles_games,5511.05,33
2018-04,moveis_sala,5041.83,34
2018-04,bebidas,5016.44,35
2018-04,construcao_ferramentas_iluminacao,4962.67,36
2018-04,agro_industria_e_comercio,4500.7,37
2018-04,climatizacao,3261.79,38
2018-04,moveis_cozinha_area_de_servico_jantar_e_jardim,3110.57,39
2018-04,construcao_ferramentas_seguranca,2887.26,40
2018-04,sinalizacao_e_seguranca,2222.3,41
2018-04,artes,2140.28,42
2018-04,casa_conforto,1939.4,43
2018-04,telefonia_fixa,1921.94,44
2018-04,musica,1696.86,45
2018-04,alimentos,1665.43,46
2018-04,fashion_calcados,1438.7,47
2018-04,construcao_ferramentas_ferramentas,1332.99,48
2018-04,construcao_ferramentas_jardim,1326.79,49
2018-04,moveis_quarto,1301.9,50
2018-04,livros_tecnicos,1172.1,51
2018-04,market_place,627.23,52
2018-04,alimentos_bebidas,605.07,53
2018-04,cine_foto,521.74,54
2018-04,fashion_underwear_e_moda_praia,359.4,55
2018-04,livros_importados,317.99,56
2018-04,la_cuisine,280.0,57
2018-04,artigos_de_natal,275.15,58
2018-04,fashion_roupa_masculina,195.0,59
2018-04,fashion_roupa_feminina,174.95,60
2018-04,flores,158.4,61
2018-04,fraldas_higiene,149.0,62
2018-04,dvds_blu_ray,92.5,63
2018-04,fashion_esporte,89.9,64
2018-04,cds_dvds_musicais,65.0,65
2018-04,tablets_impressao_imagem,52.0,66
2018-04,artigos_de_festas,43.8,67
2018-04,artes_e_artesanato,15.99,68
2018-04,casa_conforto_2,12.9,69
2018-05,relogios_presentes,119364.98,1
2018-05,beleza_saude,94534.38,2
2018-05,cama_mesa_banho,71265.07,3
2018-05,utilidades_domesticas,62824.57,4
2018-05,esporte_lazer,59209.92,5
2018-05,moveis_decoracao,53706.45,6
2018-05,informatica_acessorios,50631.83,7
2018-05,automotivo,40851.44,8
2018-05,ferramentas_jardim,37700.79,9
2018-05,bebes,33253.65,10
2018-05,brinquedos,31538.41,11
2018-05,cool_stuff,29949.12,12
2018-05,perfumaria,24482.7,13
2018-05,moveis_escritorio,20835.87,14
2018-05,construcao_ferramentas_construcao,20748.6,15
2018-05,telefonia,18944.28,16
2018-05,instrumentos_musicais,18757.07,17
2018-05,eletronicos,16176.79,18
2018-05,eletrodomesticos_2,14441.24,19
2018-05,papelaria,12923.39,20
2018-05,pet_shop,11708.46,21
2018-05,fashion_bolsas_e_acessorios,11490.17,22
2018-05,eletroportateis,10620.99,23
2018-05,portateis_casa_forno_e_cafe,10161.6,24
2018-05,casa_construcao,10155.28,25
2018-05,pcs,8699.92,26
2018-05,malas_acessorios,6618.46,27
2018-05,eletrodomesticos,6149.67,28
2018-05,construcao_ferramentas_seguranca,6045.01,29
2018-05,livros_interesse_geral,5925.13,30
2018-05,consoles_games,5279.27,31
2018-05,construcao_ferramentas_iluminacao,4354.81,32
2018-05,industria_comercio_e_negocios,3780.99,33
2018-05,agro_industria_e_comercio,3279.75,34
2018-05,,3097.04,35
2018-05,livros_tecnicos,3040.53,36
2018-05,moveis_sala,2721.08,37
2018-05,casa_conforto,2708.7,38
2018-05,audio,2697.68,39
2018-05,bebidas,2505.99,40
2018-05,artes,2491.97,41
2018-05,moveis_cozinha_area_de_servico_jantar_e_jardim,2310.09,42
2018-05,cine_foto,2108.29,43
2018-05,portateis_cozinha_e_preparadores_de_alimentos,1958.0,44
2018-05,climatizacao,1851.3,45
2018-05,telefonia_fixa,1846.2,46
2018-05,fashion_calcados,1582.7,47
2018-05,alimentos,1542.93,48
2018-05,moveis_quarto,1484.98,49
2018-05,alimentos_bebidas,1239.44,50
2018-05,construcao_ferramentas_jardim,1073.28,51
2018-05,market_place,957.45,52
2018-05,musica,729.0,53
2018-05,sinalizacao_e_seguranca,683.5,54
2018-05,artigos_de_natal,524.53,55
2018-05,dvds_blu_ray,439.94,56
2018-05,construcao_ferramentas_ferramentas,417.9,57
2018-05,livros_importados,410.92,58
2018-05,fashion_underwear_e_moda_praia,207.4,59
2018-05,fashion_roupa_masculina,129.99,60
2018-05,fraldas_higiene,117.0,61
2018-05,artigos_de_festas,100.7,62
2018-05,artes_e_artesanato,89.8,63
2018-05,tablets_impressao_imagem,49.9,64
2018-05,flores,16.4,65
2018-06,beleza_saude,106745.72,1
2018-06,relogios_presentes,85027.57,2
2018-06,cama_mesa_banho,70857.08,3
2018-06,utilidades_domesticas,55912.61,4
2018-06,automotivo,44962.59,5
2018-06,esporte_lazer,44916.01,6
2018-06,moveis_decoracao,42042.22,7
2018-06,informatica_acessorios,41806.37,8
2018-06,bebes,30550.32,9
2018-06,perfumaria,26963.93,10
2018-06,construcao_ferramentas_construcao,22947.72,11
2018-06,telefonia,22669.86,12
2018-06,brinquedos,21094.95,13
2018-06,pet_shop,19491.78,14
2018-06,cool_stuff,19316.37,15
2018-06,ferramentas_jardim,17948.72,16
2018-06,instrumentos_musicais,16177.92,17
2018-06,eletroportateis,15431.63,18
2018-06,pcs,13127.0,19
2018-06,papelaria,12859.08,20
2018-06,moveis_escritorio,12125.58,21
2018-06,eletronicos,9664.57,22
2018-06,casa_construcao,9094.59,23
2018-06,eletrodomesticos_2,8312.72,24
2018-06,fashion_bolsas_e_acessorios,7869.95,25
2018-06,consoles_games,6903.01,26
2018-06,sinalizacao_e_seguranca,5863.18,27
2018-06,eletrodomesticos,5830.38,28
2018-06,malas_acessorios,5070.88,29
2018-06,construcao_ferramentas_iluminacao,4583.41,30
2018-06,climatizacao,3567.9,31
2018-06,moveis_sala,3541.62,32
2018-06,moveis_cozinha_area_de_servico_jantar_e_jardim,3538.43,33
2018-06,agro_industria_e_comercio,3515.8,34
2018-06,portateis_casa_forno_e_cafe,3499.0,35
2018-06,livros_interesse_geral,3275.49,36
2018-06,industria_comercio_e_negocios,2609.9,37
2018-06,construcao_ferramentas_seguranca,2565.37,38
2018-06,artes,2500.14,39
2018-06,,2387.13,40
2018-06,casa_conforto,2386.49,41
2018-06,telefonia_fixa,2080.32,42
2018-06,audio,1830.69,43
2018-06,livros_tecnicos,1747.43,44
2018-06,bebidas,1567.07,45
2018-06,moveis_quarto,1559.99,46
2018-06,alimentos,1371.18,47
2018-06,fashion_calcados,1230.58,48
2018-06,construcao_ferramentas_jardim,799.44,49
2018-06,market_place,556.46,50
2018-06,construcao_ferramentas_ferramentas,527.0,51
2018-06,livros_importados,468.17,52
2018-06,fashion_roupa_masculina,447.8,53
2018-06,cine_foto,435.85,54
2018-06,dvds_blu_ray,382.88,55
2018-06,fraldas_higiene,321.0,56
2018-06,artigos_de_natal,306.19,57
2018-06,alimentos_bebidas,293.85,58
2018-06,fashion_underwear_e_moda_praia,129.3,59
2018-06,musica,109.08,60
2018-06,flores,108.0,61
2018-06,fashion_roupa_infanto_juvenil,89.99,62
2018-06,artigos_de_festas,84.8,63
2018-06,tablets_impressao_imagem,50.0,64
2018-06,casa_conforto_2,25.8,65
2018-07,beleza_saude,103524.22,1
2018-07,relogios_presentes,95164.79,2
2018-07,utilidades_domesticas,62583.3,3
2018-07,cama_mesa_banho,54405.23,4
2018-07,esporte_lazer,54015.89,5
2018-07,moveis_decoracao,45393.59,6
2018-07,automotivo,43466.79,7
2018-07,informatica_acessorios,41063.31,8
2018-07,telefonia,26492.68,9
2018-07,ferramentas_jardim,25639.88,10
2018-07,bebes,21834.12,11
2018-07,cool_stuff,21152.01,12
2018-07,perfumaria,20645.97,13
2018-07,pet_shop,19343.85,14
2018-07,papelaria,17217.19,15
2018-07,brinquedos,17022.0,16
2018-07,construcao_ferramentas_construcao,15237.47,17
2018-07,moveis_escritorio,13225.28,18
2018-07,eletrodomesticos_2,12597.32,19
2018-07,pcs,11239.0,20
2018-07,telefonia_fixa,9319.39,21
2018-07,eletronicos,9270.95,22
2018-07,consoles_games,8519.11,23
2018-07,eletroportateis,8161.35,24
2018-07,instrumentos_musicais,7871.93,25
2018-07,construcao_ferramentas_iluminacao,7249.61,26
2018-07,moveis_sala,6706.64,27
2018-07,casa_construcao,6700.25,28
2018-07,agro_industria_e_comercio,6669.82,29
2018-07,fashion_bolsas_e_acessorios,6071.07,30
2018-07,malas_acessorios,5821.72,31
2018-07,construcao_ferramentas_ferramentas,5501.2,32
2018-07,eletrodomesticos,5173.03,33
2018-07,portateis_casa_forno_e_cafe,4699.67,34
2018-07,industria_comercio_e_negocios,4697.21,35
2018-07,,4612.0,36
2018-07,livros_interesse_geral,4077.45,37
2018-07,sinalizacao_e_seguranca,3785.19,38
2018-07,moveis_cozinha_area_de_servico_jantar_e_jardim,3736.95,39
2018-07,alimentos,3378.17,40
2018-07,casa_conforto,2906.48,41
2018-07,climatizacao,2657.86,42
2018-07,audio,2062.64,43
2018-07,livros_tecnicos,1994.93,44
2018-07,construcao_ferramentas_jardim,1922.66,45
2018-07,construcao_ferramentas_seguranca,1888.95,46
2018-07,artes,1843.2,47
2018-07,moveis_quarto,1386.9,48
2018-07,bebidas,1260.17,49
2018-07,cine_foto,1178.54,50
2018-07,musica,849.3,51
2018-07,fashion_calcados,820.19,52
2018-07,alimentos_bebidas,778.73,53
2018-07,artes_e_artesanato,654.57,54
2018-07,artigos_de_natal,509.56,55
2018-07,pc_gamer,438.0,56
2018-07,livros_importados,357.79,57
2018-07,fashion_roupa_masculina,208.7,58
2018-07,market_place,186.78,59
2018-07,portateis_cozinha_e_preparadores_de_alimentos,172.03,60
2018-07,moveis_colchao_e_estofado,129.9,61
2018-07,fraldas_higiene,121.0,62
2018-07,fashion_underwear_e_moda_praia,109.8,63
2018-07,dvds_blu_ray,83.99,64
2018-07,artigos_de_festas,57.5,65
2018-07,flores,47.99,66
2018-07,casa_conforto_2,38.7,67
2018-08,beleza_saude,119391.01,1
2018-08,relogios_presentes,69767.06,2
2018-08,cama_mesa_banho,60891.09,3
2018-08,utilidades_domesticas,58763.36,4
2018-08,esporte_lazer,50860.18,5
2018-08,automotivo,45032.58,6
2018-08,moveis_decoracao,41168.55,7
2018-08,informatica_acessorios,40052.64,8
2018-08,telefonia,36572.91,9
2018-08,perfumaria,24839.74,10
2018-08,pet_shop,24608.07,11
2018-08,construcao_ferramentas_construcao,22917.16,12
2018-08,bebes,21266.57,13
2018-08,brinquedos,16923.75,14
2018-08,ferramentas_jardim,16314.7,15
2018-08,cool_stuff,15794.89,16
2018-08,papelaria,15445.65,17
2018-08,eletronicos,10739.57,18
2018-08,instrumentos_musicais,10519.34,19
2018-08,pcs,8711.5,20
2018-08,construcao_ferramentas_iluminacao,8212.53,21
2018-08,alimentos,8174.18,22
2018-08,fashion_bolsas_e_acessorios,8127.53,23
2018-08,eletrodomesticos_2,7532.76,24
2018-08,moveis_escritorio,6758.87,25
2018-08,malas_acessorios,6599.75,26
2018-08,eletrodomesticos,6443.85,27
2018-08,casa_construcao,6286.16,28
2018-08,eletroportateis,6168.06,29
2018-08,moveis_sala,5223.34,30
2018-08,agro_industria_e_comercio,5021.09,31
2018-08,consoles_games,4381.31,32
2018-08,construcao_ferramentas_seguranca,3970.22,33
2018-08,construcao_ferramentas_jardim,3688.76,34
2018-08,climatizacao,3556.9,35
2018-08,portateis_casa_forno_e_cafe,2996.72,36
2018-08,telefonia_fixa,2724.17,37
2018-08,industria_comercio_e_negocios,2364.69,38
2018-08,casa_conforto,2241.28,39
2018-08,,2199.05,40
2018-08,moveis_quarto,2197.0,41
2018-08,audio,2069.4,42
2018-08,moveis_cozinha_area_de_servico_jantar_e_jardim,2011.47,43
2018-08,sinalizacao_e_seguranca,1825.59,44
2018-08,portateis_cozinha_e_preparadores_de_alimentos,1803.6,45
2018-08,livros_interesse_geral,1564.78,46
2018-08,livros_tecnicos,1483.79,47
2018-08,artes,1481.39,48
2018-08,bebidas,1423.26,49
2018-08,artigos_de_festas,1285.29,50
2018-08,construcao_ferramentas_ferramentas,1255.77,51
2018-08,alimentos_bebidas,1028.61,52
2018-08,market_place,949.27,53
2018-08,artes_e_artesanato,901.76,54
2018-08,livros_importados,749.0,55
2018-08,cine_foto,595.29,56
2018-08,artigos_de_natal,529.37,57
2018-08,musica,497.81,58
2018-08,fashion_calcados,471.3,59
2018-08,fashion_roupa_masculina,381.69,60
2018-08,fraldas_higiene,231.89,61
2018-08,pc_gamer,219.0,62
2018-08,fashion_underwear_e_moda_praia,160.0,63
2018-08,fashion_roupa_feminina,129.97,64
2018-08,fashion_esporte,69.9,65
2018-08,dvds_blu_ray,8.9,66
